run,role,building,floor,method,n,mde_m,std_error_m,median_m,p90_m,coordinate_mae_m,coordinate_mse_m2,coordinate_rmse_m,normalized_sum_mae,raw_floor,seed,lambda_value,step
gconvloc_cnnloc_s0,test,all,all,GConvLoc-reconstruction,1111,7.60571140245,7.03552311331,5.78309880919,15.0708949532,4.87970320851,53.6727157077,7.32616650832,0.0302100456237,,,,
gconvloc_cnnloc_s0,test,0,0,GConvLoc-reconstruction,78,6.94829706669,5.90224080195,5.17172749817,14.3993322827,4.35268128936,41.5576393055,6.4465214888,0.0261953172903,,,,
gconvloc_cnnloc_s0,test,0,1,GConvLoc-reconstruction,208,5.35522608104,4.6291483411,4.10316572059,10.8903274953,3.35300233975,25.0537303715,5.00537015329,0.0205506378199,,,,
gconvloc_cnnloc_s0,test,0,2,GConvLoc-reconstruction,165,5.60792563735,3.85206250142,5.26413911407,10.4290207484,3.58224802546,23.1436077345,4.81078036647,0.0222069002238,,,,
gconvloc_cnnloc_s0,test,0,3,GConvLoc-reconstruction,85,6.16074869733,4.81164202355,5.04028603227,11.4912887238,3.80820375428,30.5533617372,5.52750954203,0.0241107923529,,,,
gconvloc_cnnloc_s0,test,1,0,GConvLoc-reconstruction,30,11.7701640157,7.25096052364,11.4542977355,19.6203834441,7.48382550446,95.5565947356,9.77530535255,0.0477262631099,,,,
gconvloc_cnnloc_s0,test,1,1,GConvLoc-reconstruction,143,8.12158275023,5.95617861924,6.78029543139,17.0221348733,5.16257539036,50.7180850566,7.12166308221,0.032415546312,,,,
gconvloc_cnnloc_s0,test,1,2,GConvLoc-reconstruction,87,10.1565545886,7.75490167833,8.28568634591,19.501599056,6.64042191035,81.647050576,9.03587575037,0.0414026425405,,,,
gconvloc_cnnloc_s0,test,1,3,GConvLoc-reconstruction,47,8.97831471328,9.8608376316,5.81734269797,15.7945412463,5.8808474331,88.9231269437,9.42990598806,0.0370606609063,,,,
gconvloc_cnnloc_s0,test,2,0,GConvLoc-reconstruction,24,12.1913215991,15.7747686991,6.10612800325,31.351474916,8.23622155584,198.735824921,14.0973694327,0.05038922224,,,,
gconvloc_cnnloc_s0,test,2,1,GConvLoc-reconstruction,111,7.52180743649,6.73164056893,5.51816187964,14.1267572276,4.87437738072,50.9462859305,7.13766670071,0.0300380576785,,,,
gconvloc_cnnloc_s0,test,2,2,GConvLoc-reconstruction,54,9.98275748093,9.03092469761,7.39463290584,19.3910195591,6.60339585395,90.6065239084,9.51874592099,0.0403490366338,,,,
gconvloc_cnnloc_s0,test,2,3,GConvLoc-reconstruction,40,8.38218420477,6.07392161392,6.20210035421,17.3600341756,5.47793747001,53.5767679074,7.31961528411,0.0334191241941,,,,
gconvloc_cnnloc_s0,test,2,4,GConvLoc-reconstruction,39,13.4143305681,11.0719934726,10.8671214913,23.8683035259,8.67545464287,151.266652024,12.2990508587,0.0528658134402,,,,
gconvloc_cnnloc_s0,test,all,all,1NN,1111,10.1320720025,21.5371821565,5.92772972196,20.609929526,6.53146868998,283.254549153,16.830167829,0.0404286379621,,,,
gconvloc_cnnloc_s0,test,all,all,7NN,1111,9.15451022347,15.4704676225,5.4484439899,18.5443368242,5.90135378041,161.570212946,12.7110272184,0.036466341787,,,,
gconvloc_floor3_s0,test,all,all,GConvLoc-reconstruction,5048,12.8008310435,19.2084523959,8.1779984045,24.1003353534,8.28590525193,266.412959424,16.3221616039,0.0511600504012,,,,
gconvloc_floor3_s0,test,0,3,GConvLoc-reconstruction,1391,7.03217097589,6.27409454715,5.11152594123,15.275107684,4.44916008485,44.4078455104,6.66392118129,0.0274493193376,,,,
gconvloc_floor3_s0,test,1,3,GConvLoc-reconstruction,948,20.0657681986,36.0690601247,11.2784902475,33.3120931783,13.0551635298,851.806075838,29.1857169835,0.0794486830444,,,,
gconvloc_floor3_s0,test,2,3,GConvLoc-reconstruction,2709,13.2205599956,13.2785500472,8.98104654169,25.9788842297,8.58699631136,175.551548976,13.2495867474,0.0534354299375,,,,
gconvloc_floor3_s0,test,all,all,1NN,5048,24.6141253722,46.1232421731,9.63304718538,63.3583578691,16.2016483739,1366.6043182,36.967611746,0.0984425855941,,,,
gconvloc_floor3_s0,test,all,all,7NN,5048,19.8686604961,28.0038490508,9.93162219563,48.9276528842,12.8126301863,589.489615783,24.2794072371,0.0778021419689,,,,
gconvloc_floor3_s0,external_stress,all,all,GConvLoc-reconstruction,172,9.78418680428,8.22835783629,7.84647168623,18.8803558398,6.18102402641,81.7180920515,9.03980597422,0.038631308694,,,,
gconvloc_floor3_s0,external_stress,0,3,GConvLoc-reconstruction,85,8.04733965747,6.41436488854,6.8789940669,17.1588525487,4.92690360076,52.951876243,7.27680398547,0.0306477231547,,,,
gconvloc_floor3_s0,external_stress,1,3,GConvLoc-reconstruction,47,10.7111533594,9.91166218588,7.32223381652,22.054568457,6.92629778013,106.484926788,10.3191533949,0.043461635664,,,,
gconvloc_floor3_s0,external_stress,2,3,GConvLoc-reconstruction,40,12.385801289,8.60711717647,10.2441120307,22.5120783216,7.9703332703,113.745269829,10.6651427477,0.0499207937754,,,,
gconvloc_floor3_s0,external_stress,all,all,1NN,172,26.3327116371,61.5590728163,10.6644341404,35.2339649239,17.3311153734,2241.46557408,47.3441186852,0.105644022362,,,,
gconvloc_floor3_s0,external_stress,all,all,7NN,172,20.379356398,33.4116127287,9.52462014626,56.2524190213,13.0128078094,765.827016163,27.6735797497,0.0793984172579,,,,
jprl10k_f0_s0,target_train,,,JPRL-reconstruction,4369,39.7750202938,34.82062016,32.2560476631,72.9929628867,25.2303201013,1397.26391385,37.3799934972,0.15110120246,0,0,10,10000
jprl10k_f0_s0,external_stress,,,JPRL-reconstruction,132,103.674585213,108.357993159,54.4676872641,281.136816813,62.9331440147,11244.9371502,106.04214799,0.366129400092,0,0,10,10000
jprl10k_f0_s0,target_train,,,ERM-same-backbone,4369,39.7427836511,34.6593109696,32.2953098944,73.1361644303,25.2003004405,1390.37834461,37.2877774158,0.150923629,0,0,0,10000
jprl10k_f0_s0,external_stress,,,ERM-same-backbone,132,103.386284908,107.911434055,54.4769964071,279.417220048,62.7849846804,11166.8007535,105.673084338,0.365356139982,0,0,0,10000
jprl10k_f1_s0,target_train,,,JPRL-reconstruction,5002,26.7758551694,21.5622068193,21.7475688642,50.89358743,17.1074631319,590.937591486,24.3092079568,0.104785165031,1,0,0.001,10000
jprl10k_f1_s0,external_stress,,,JPRL-reconstruction,462,78.1936257247,87.8283391012,39.9650144129,229.22478343,50.0523577811,6914.03012663,83.150647181,0.301409615345,1,0,0.001,10000
jprl10k_f1_s0,target_train,,,ERM-same-backbone,5002,26.7758415711,21.562192975,21.7475045493,50.8935975512,17.1074543078,590.936928868,24.3091943278,0.104785111133,1,0,0,10000
jprl10k_f1_s0,external_stress,,,ERM-same-backbone,462,78.1936033969,87.8283023187,39.9650385208,229.224727589,50.0523379546,6914.02515019,83.1506172568,0.30140950356,1,0,0,10000
jprl10k_f2_s0,target_train,,,JPRL-reconstruction,4416,24.3640765062,25.987803164,19.629891768,41.0542148037,15.5350724034,634.487068646,25.1890267507,0.0950144118602,2,0,0.001,10000
jprl10k_f2_s0,external_stress,,,JPRL-reconstruction,306,104.980226367,97.9309709461,71.7348774506,261.509631145,66.3006045559,10305.6614992,101.516804024,0.395406618522,2,0,0.001,10000
jprl10k_f2_s0,target_train,,,ERM-same-backbone,4416,24.3641275976,25.9878644461,19.6299290886,41.0543556531,15.5351084435,634.489906028,25.1890830724,0.095014632191,2,0,0,10000
jprl10k_f2_s0,external_stress,,,ERM-same-backbone,306,104.980313257,97.9309588766,71.7354267892,261.509182968,66.3006817713,10305.669439,101.51684313,0.395407047126,2,0,0,10000
jprl10k_f3_s0,target_train,,,JPRL-reconstruction,5048,36.7437772635,40.3313572295,28.1204107741,62.8128301316,23.7185233546,1488.36177178,38.5792920072,0.142509355557,3,0,0.001,10000
jprl10k_f3_s0,external_stress,,,JPRL-reconstruction,172,109.846202987,111.511971682,58.2267613021,279.812283029,70.8478656287,12250.5540695,110.682221108,0.417456904545,3,0,0.001,10000
jprl10k_f3_s0,target_train,,,ERM-same-backbone,5048,36.7438201715,40.3313449585,28.1204642594,62.8127120972,23.7185518981,1488.36285348,38.5793060264,0.14250952644,3,0,0,10000
jprl10k_f3_s0,external_stress,,,ERM-same-backbone,172,109.846184554,111.511935845,58.2267523655,279.812183342,70.8478473495,12250.5480485,110.682193909,0.417456771342,3,0,0,10000
